date_cst,create_time_cst,url,id,type,text,top
2026-04-16,2026-04-16 18:41:08+0800,https://www.douyin.com/video/7629305320225255012,7629305320225255012,video,共创 6878 进步不能停！徐远征投篮问题诊断，主视眼观念限制了他的篮球发展之路！#waveball #投篮教学 #进步不能停 #投篮发力,757
2026-01-20,2026-01-20 13:56:34+0800,https://www.douyin.com/note/7597318663230210438,7597318663230210438,note,1060 把热爱变成工作！想提升个人价值 想在篮球领域/互联网进一步发展 可以找我聊聊 #waveball,757
2025-12-11,2025-12-11 17:37:27+0800,https://www.douyin.com/video/7582532179743493435,7582532179743493435,video,置顶 4.1万 从59分到97分！如何快速让前国家球员提升投篮效率。 今年7月在北京，本频道联合Shot lab 投篮实验室，对前国家队球员 @孟铎Danny3 进行的投篮测试与实时优化。孟铎作为球员时期也是以投射见长，他的参与也让整个测试更具参考价值。优化后，他的投篮从出手弧度、出手速度到发力效率都实现了可量化的提升。#waveball #shotlab #投篮,330
2025-11-26,2025-11-26 10:30:06+0800,https://www.douyin.com/video/7576855772332608774,7576855772332608774,video,3.6万 为何训练准，强度实战拉？ 此视频揭开了国内很多球员的共性问题，曾被下架，李添荣、林葳、廖三宁……与优秀射手上肢结构的决定性差异。#waveball #投篮教学 #发力矫正 #林葳 #李添荣,757
2025-11-22,2025-11-22 11:25:00+0800,https://www.douyin.com/video/7575385579668524315,7575385579668524315,video,4891 林葳投篮问题深度分析，普通人也常会陷入同样的困境！ 林葳在NCAA已打了4场比赛，无论中距离还是三分，目前还没有一次命中！本期视频将对林威的投篮问题做深度分析，同时提供解决思路，林葳的投篮困境，其实很多普通人都会遇到。#waveball #投篮教学 #发力矫正 #林葳,1184
2025-09-21,2025-09-21 10:24:36+0800,https://www.douyin.com/video/7552362733249793315,7552362733249793315,video,6135 再次成功诊断库里投篮问题！库里自述“在足弓间打球” 我之前对库里投篮问题的诊断，在库里最新发布的自传中得到验证。库里：我整个上半身的所有动作都在为纠正脚下的失衡而做出调整，这次投篮或许还是能投进，但投进的概率已经“谬以千里”。 #发力矫正 #投篮教学 #waveball #库里,1184
2025-08-19,2025-08-19 02:02:23+0800,https://www.douyin.com/video/7539987501855886638,7539987501855886638,video,置顶 9259 “半人半神”库里最新投篮问题诊断 库里如何补救投篮中下肢的失衡，含普通人同类问题解决思路。#waveball #库里中国行,330
2025-07-11,2025-07-11 00:37:11+0800,https://www.douyin.com/video/7525493225554038056,7525493225554038056,video,3724 走出误区！投篮一定得空出手心，投篮射程与精准控制都能兼顾 为何仅用指尖投篮就能完整超远三分，无论是顶级射手凯特琳克拉克的一段式投篮，还是小手麦康奈尔的两段式投篮，他们的手掌大小与普通人相近，都是采用的空手心的持球方式。手掌贴球的持球方式能解决部分射程，但它会让你丢失手腕手指的精准控制。#waveball #投篮教学 #凯特琳克拉克,1184
2025-07-08,2025-07-08 10:22:47+0800,https://www.douyin.com/note/7524530878112075066,7524530878112075066,note,284 Nike✖️Shotlab 打出名堂。Ai智能助力，精准剖析球员问题，用数据驱动的客观分析➕教练的经验判断，让每个球员的发展路径都建立在可量化、可验证的科学基础上。,1611
2025-06-10,2025-06-10 01:00:49+0800,https://www.douyin.com/video/7513995676607384883,7513995676607384883,video,8855 为何很多人的动态投篮比原地更准？亚翰与丹尼投篮分析 首先在亚翰的自然的步态中可以看到有双脚外八的习惯，在他的投篮中常见脚外八与肘外翻的情况，此问题导致他原地投篮时关节对位困难，投篮命中率偏低，这是由于在原地投篮没有足够的空间把脚下与肘部回正，整体的发力效率与方向控制都会受到明显影响。同时在他的原地投篮中他会出现明显的先伸髋再蹬地的低效发力模式，这会导致他的重心前倾，用过度跪膝来代偿发力角度与力量。#投篮教学 #waveball,1611
2025-05-30,2025-05-30 22:00:07+0800,https://www.douyin.com/video/7510238259260198144,7510238259260198144,video,1.6万 NBA全明星球员的投篮修改详细指南，对普通人极具参考价值！ NBA全明星球员自述是如何修改投篮的，雷霆队的杰伦·威廉姆斯在上赛季投出了42.7%的三分命中率，视频是德文·威廉姆斯采访杰威，关于他投篮习惯的建立以及修改，这对于有调整投篮习惯需求的小伙伴极具参考价值。 本视频主要从投篮站位、持球习惯、辅助手习惯、起球轨迹、投篮瞄准、投篮弧度这六大方面来做解读。#waveball #投篮教学,1611
2025-05-27,2025-05-27 02:24:38+0800,https://www.douyin.com/video/7508822081828637961,7508822081828637961,video,3981 库里训练师解答成为动态射手最重要的下肢基础！ 上期视频中关于戈登投篮站距的调整，很多人并未能理解投篮站距对发力效率的影响，本期视频就分享库里私人训练师佩恩“关于投篮中站距”的解答，佩恩的很多训练理念都是基于运动生物力学，重点是用“身体投篮”，这区别于传统的用上肢投篮的理念，这能让球员更好的成为一名动态射手，这也是本频道一直在推行的理念，视频末尾将分享普通人如何通过关节对位，提高动态投篮的稳定性以及发力效率。#waveball #投篮教学 #库里,2038
2025-05-23,2025-05-23 03:40:17+0800,https://www.douyin.com/video/7507357236495125770,7507357236495125770,video,6062 从“不会投篮的糙汉”到“NBA史上投篮最快进步”的关键先生 阿隆·戈登是NBA历史上首位，单赛季三分命中率与罚球命中率都提升了10%以上的球员，他曾经被诟病不会投篮，但他的职业生涯一直都在证明自己。他在投篮技术上的显著进步，这源于他多个休赛期的技术调整与训练积累，根据多篇美媒的报道与本频道的技术分析，他投篮水平的提升主要归功于两个大方向的针对性改进。#阿隆戈登 #waveball #投篮教学,2038
2025-05-18,2025-05-18 11:36:08+0800,https://www.douyin.com/video/7505624436997999923,7505624436997999923,video,7257 手腕不要后倒？不要让直腕毁了你的投篮！ 近两年来在网络上一直流传着投篮要像库里一样保持直腕，手腕不要“后倒”等谣言。这样的教学理念误导了太多篮球爱好者，本期视频将从生物力学和实战角度解析这一误区，并还原手腕在投篮中的真实作用。#投篮教学 #waveball #库里 #汤普森 #纳什,2038
2025-05-13,2025-05-13 12:26:38+0800,https://www.douyin.com/video/7503782025742404875,7503782025742404875,video,2280 勇士队新星库明加投篮的技术缺陷！ 在强调空间与效率的现代篮球体系中，投射能力已成为球员的核心竞争力之一。乔纳森·库明加的投篮短板，正逐渐从技术缺陷演变为职业发展道路上的绊脚石，这类问题在普通人中也是比较常见的，而国内球员中像陈国豪也存在类似问题，针对此类问题，本视频分享一个相对高效的改善方向。#投篮教学 #waveball #库明加,2465
2025-05-07,2025-05-07 12:28:07+0800,https://www.douyin.com/video/7501555893349469466,7501555893349469466,video,1076 为何要练闭眼投篮？ 把投篮冥想加入你的投篮训练，激活神经链接，快速打通流畅发力。#欧文 #科比 #乔丹 #投篮教学 #waveball,2465
2025-05-02,2025-05-02 01:13:02+0800,https://www.douyin.com/video/7499526500169895178,7499526500169895178,video,2.7万 一跃成为NBA赛季三分王，爱德华兹投篮进化的秘密！ 两年前本频道就在视频中诟病过爱德华兹的投篮问题，终于在本赛季爱德华兹完成了投篮初步进化，他在常规赛命中了320计三分，成为了本赛季的NBA三分王。三分命中率相比上赛季上升了近5%，达到了39.4%。 爱德华兹投篮的进步得益于森林狼的投篮教练海因斯，在海因斯耐心的劝说下，爱德华兹接受了海因斯对他的投篮调整。调整的重点是简化他的投篮动作，调整的细节主要是三个方面。#投篮教学 #waveball #爱德华兹,2465
2025-04-17,2025-04-17 02:59:54+0800,https://www.douyin.com/video/7493987762757045539,7493987762757045539,video,1.0万 打破传统教学！才能轻松建立上下肢协同的投篮发力 这可能是推动中国篮球发展的投篮教学案！前面我们讲了很多期关于上下肢协同依次发力的投篮模式，很多网友想知道该如何做到，本期视频就以一位比较典型的，上肢主导发力的小球员的矫正训练为例，普通人该如何建立此类发力模式。 这位小球员的投篮习惯，也是在塞尔维亚青训体训中养成的，是比较典型的上肢主导，同时伴随着重心前倾，以及过度依赖膝关节的问题，这导致了他力量的转化低效，投篮速度慢，抗干扰能力弱，我们的改造目标是让他建立，低肘跳投的投篮模型。#投篮教学 #waveball,2892
2025-04-12,2025-04-12 16:54:10+0800,https://www.douyin.com/video/7492347327257070857,7492347327257070857,video,1346 不要用几段式投篮定义自己！ 不要用几段式投篮定义自己，建立流畅的一段式发力基础后，即可随机切换。 博主也是一个代表案例，本人35岁，右脚外侧副韧带断裂/未手术，主视眼与投篮手异侧，主视眼强势。 #waveball #投篮教学,2892
2025-04-10,2025-04-10 02:50:12+0800,https://www.douyin.com/video/7491387667301551395,7491387667301551395,video,3111 两罚不中再次被绝杀！胡明轩关键时刻投篮短路的真相 前一天我做了一期胡明轩投篮问题的分析，第二天在CBA季后赛中，胡明轩的在比赛最后2秒钟，两次罚球都接连偏出，最终遭遇对手绝杀。这场比赛中胡明轩的诸多投篮，也应验了我上期对他投篮问题的分析，胡明轩的投篮总在关键时刻短路并非偶然。#waveball #投篮教学 #胡明轩,2892
2025-04-08,2025-04-08 01:40:16+0800,https://www.douyin.com/video/7490627475781733683,7490627475781733683,video,976 胡明轩投篮问题浅析！主视眼强势导致上肢力线扭曲，发力卡顿。 胡明轩在投篮时，他的投篮手肩肘腕并不是一条直线对框，而是倾斜的，他的投篮手臂会向内撇，他的视线是偏向投篮手的外侧去看框。近一年来，找我做矫正训练的人，其中大概有80%都会出现类似情况，他们的投篮手无法拉直对框，都是倾斜的状态，而在这一类人中约90%都是，投篮手与主视眼异侧的类型，或主视眼过于强势的问题，视频中也展示了普通人与CBA职业球员成功矫正的案例。#投篮教学 #waveball #胡明轩,3319
2025-04-05,2025-04-05 00:48:53+0800,https://www.douyin.com/video/7489500979885395210,7489500979885395210,video,4255 投篮进化论！你的投篮是否还停留在灵长类动物阶段？ 3岁的库里投篮与猴子的投篮动作相似，灵长类动物的投掷发力具有，发力脱节、上肢主导、效率低下的特点，人类投掷能力的本质突破，在于将灵长类的简单上肢推掷，升级为全身弹性系统协调的精准投射，灵长类动物的过顶投掷特征具体表现为四个方面，而这四个方面也是很多人在投篮中出现问题的根源。#投篮教学 #waveball #库里,3319
2025-03-30,2025-03-30 10:14:08+0800,https://www.douyin.com/video/7487420132151627071,7487420132151627071,video,7941 这是很多人的缩影！高强度防守下，周楷恒灾难级的投篮表现！ 投篮成了周楷恒冲击职业的绊脚石！本视频主要还原当他在面对接近职业水平的防守时，他的投射问题被进一步放大的现实。他想要冲击职业，必须得弥补投篮这块短板，精准的投篮不只是肌肉记忆的简单堆砌，当你的投篮结构存在明显缺陷时，这种机械的重复虽能维持基础命中率，却封堵了你突破上限的空间。#投篮教学 #waveball,3319
2025-03-27,2025-03-27 09:25:46+0800,https://www.douyin.com/video/7486294410494299428,7486294410494299428,video,每周精选内容 3.3万 手型摇摆，发力脱节！如何解决周楷恒这类投篮世界难题？ 最近有网友要我谈下周凯恒在澳大利亚进行的的投篮专项训练，他的投篮是否有变化？训练师指出了他两个比较明显的问题，第一点是他在最高点出手，产生了发力脱节，形成了下坠跳投，第二点是他的手型摇摆不定，但训练中这两大问题并未能解决，本视频将深度解读问题根源并提供解决方案。#waveball #投篮教学,3746
2025-03-25,2025-03-25 11:42:32+0800,https://www.douyin.com/video/7485587485167226151,7485587485167226151,video,8279 低肘炮台！小个子也能当狙击手，丁超投篮深度解析 为何一米八小伙能在三分线外两米轻松干拔跳投？ 他的投篮既有库里一样上下肢协同的力学效率，又有麦迪投篮一般的美学张力， 大家一直催更国内值得学习的投篮模板，那么丁超的低肘跳投就是相当优质的投篮模型，一些人看到他的起跳高度可能会望而却步，但我们是可以降阶去学习的，视频重点解析的是他高效流畅的发力模式。#投篮教学 #waveball #丁超,3746
2025-03-22,2025-03-22 11:54:58+0800,https://www.douyin.com/video/7484477433110940980,7484477433110940980,video,2253 浅谈国内相对落后的投篮技术及教学！ 打破传统认知，揭露现代投射的核心！ 国内90%以上的投篮教学，仍然坚持上肢主导的模式，还是先起球再蹬地的类型，这与世界顶级投手的技术发展，已存在了明显脱节，而像这种世界顶级投手，他们是下肢驱动优先的原则，躯干参与旋转发力投篮，是一个全身动力链的末端释放，这种认知的断层，导致从国内的职业球员到国家队球员再到普通大众都普遍存在相对低效的的发力习惯。#投篮教学 #waveball #中国篮球,3746
2025-03-20,2025-03-20 12:12:36+0800,https://www.douyin.com/video/7483739808062328073,7483739808062328073,video,1688 如何快速解锁库里同款抛投！ 抛投是投篮的重要基础，本视频通过矫正训练解决常见的抛投问题，快速解锁库里同款抛投，含专项转化训练。#waveball #投篮教学 #库里 #抛投,4173
2025-03-19,2025-03-19 12:17:12+0800,https://www.douyin.com/video/7483369907036376370,7483369907036376370,video,2033 丁超投篮浅析1.0 理清发力顺序，把控发力节奏，普通人也可以轻松跳投三分！ #投篮教学 #waveball,4173
2025-03-16,2025-03-16 10:26:43+0800,https://www.douyin.com/video/7482228181894728971,7482228181894728971,video,6206 同手同脚的上步习惯！导致约90%的人仍然存在投篮手快脚慢 同手同脚的上步习惯！导致约90%的人仍然存在投篮手快脚慢/弹道偏左，本视频讲解了从普通大众到国内外职业球员普遍存在的投篮问题，并通过拆解上步投篮来解决投篮手快脚慢/弹道偏左的问题！#投篮教学 #waveball #库里,4173
2025-03-12,2025-03-12 12:25:44+0800,https://www.douyin.com/video/7480774509432147251,7480774509432147251,video,825 沉浸式投篮发力矫正训练 投篮精英化：发力流畅下的稳定控制 @安丁GhostBaller #投篮教学 #waveball,4600
2025-03-11,2025-03-11 01:52:01+0800,https://www.douyin.com/video/7480240118100413706,7480240118100413706,video,5154 肘正腕侧，腕正肘翻！投篮中的正腕与侧腕的由来 侧身侧腕投篮如何做到流畅的转腕？#投篮教学 #waveball,4600
2025-03-09,2025-03-09 14:36:50+0800,https://www.douyin.com/video/7479695041884097830,7479695041884097830,video,3732 罕见优质！会跳投的中国女库里，邓雨婷投篮深度解析 她既能像库里一样在比赛中从容的极限出手，也能面对防守像布克一样贴脸跳投，她就是最近在NCAA打出名堂的中国球员邓雨婷，邓雨婷的投射技术足够优秀，在女生中是非常罕见，也是比较值得国内球员与普通大众参考的模型。#邓雨婷 #waveball #投篮教学,4600
2025-02-14,2025-02-14 18:07:40+0800,https://www.douyin.com/video/7471214412595088666,7471214412595088666,video,8323 走出误区！顶级射手投篮的引膝发力≠'跪膝'蓄力 颠覆传统！解决从发力脱节到流畅跳投，不要再把顶级射手的引膝发力做成了跪膝蓄力。#waveball #投篮教学 #库里 #布克,5027
2025-01-30,2025-01-30 19:01:37+0800,https://www.douyin.com/video/7465662037994016009,7465662037994016009,video,4069 如何消除重心前倾？解锁轻松远投 #waveball #投篮教学,5027
2025-01-27,2025-01-27 12:29:27+0800,https://www.douyin.com/video/7464447720997113126,7464447720997113126,video,5536 河村永辉的投篮正在蜕变！为何垫步投篮如此轻松顺畅？ 这是比库里平均射程还远的NCAA历史得分王克拉克，这是在三分大赛上与库里对决的WNBA三分约内斯库，她们在投篮时常使用垫步衔接，为何使用垫步投篮如此轻松顺畅？ 河村永辉进入NBA前也常使垫步衔接投篮，但他垫步后是踝膝髋深度压缩的方式，很少利用垫步转化的力量和速度，再进入NBA后的这段时期，他对此脚步的运用有显著的提升，他减小了髋膝踝的压缩幅度，更多利用到了弹性爆发，正确的使用垫步能使投篮更加快速、省力。#waveball #河村永辉 #投篮教学 #库里,5027
2025-01-10,2025-01-10 21:41:12+0800,https://www.douyin.com/video/7458281458281483556,7458281458281483556,video,1.6万 顶级射手的共性！辅助手拇指拨球适合哪些人？ 麦迪在他本人视频中提到的，在投篮时，许多顶级射手都有的辅助手大拇指拨球的习惯，但很多人认为这种投篮方式与传统的投篮教学相悖，担心会影响投篮的稳定性，哪些人群投篮时适用辅助手拇指拨球呢？ #投篮教学 #waveball #麦迪 #库里 #萨布丽娜,5454
2025-01-08,2025-01-08 12:04:11+0800,https://www.douyin.com/video/7457390590817373476,7457390590817373476,video,9075 NBA顶级后卫的投篮为何如此吃力？ 亚历山大已成长为 NBA 全明星级别的后卫，但他的投篮也存在明显的问题，他的生涯三分命中率在35%左右，这块短板与顶级后卫仍有较大差距，尤其他投篮的上肢框架并不建议大家去效仿学习。亚历山大这类问题要做到流畅的高肘部跳投，可参考相似的优质案例，杜兰特或科比。此外， 手眼异侧主导的类型，也可以通过特定的训练做到顺畅的低肘部投篮 #waveball #投篮教学 #亚历山大 #杜兰特 #科比,5454
2024-12-20,2024-12-20 11:29:37+0800,https://www.douyin.com/video/7450331067870924059,7450331067870924059,video,6330 请勿模仿！麦凯恩的投篮隐患，脚外八、足弓塌陷、膝前跪。 近日麦凯恩在比赛中受伤，左腿膝关节外侧半月板撕裂，赛季报销。 而在他的投篮中一直埋藏着这样的伤病隐患，这也是在广大球友中很常见的问题。 整体来看，麦凯恩的下肢发力结构存在问题，在他下肢的蓄力与发力中膝关节参与的比重偏多，在他投篮准备时，他习惯偏宽的站位，双脚呈外八站位 ，在他蹬伸时，膝关节会向内收，脚尖依然呈外八走向，膝盖与脚尖的不同向，会在膝关节产生剪切力，他在比赛中同样也是起跳落地时膝盖与脚尖不同向，形成膝关节处过大的剪切力，最终造成膝关节外侧半月板撕裂。 同时在投篮中这种脚外八，膝内扣的结构，会造成他的足外翻，让他的整个足弓向下塌陷，在蹬伸的过程中，足弓的支撑不足，膝关节负荷偏多，蹬伸速度与力量传导都会大打折扣。 #发力矫正 #waveball #投篮教学 #麦凯恩,5454
2024-12-14,2024-12-14 20:24:48+0800,https://www.douyin.com/video/7448242468799155496,7448242468799155496,video,6350 为何国家队后卫廖三宁的投篮弹道总是偏左？ 投篮一直是国家队后卫廖三宁的技术短板，今年他也赴美找投篮教练进行了特训，但并未解决根本问题，在廖三宁的投篮中，他的头部会随着视线做向右的偏转， 头部决定了我们的身体重心，发力时头部的转动影响了整体的平衡。而右手球员投篮时头部向左转动是一种对抗发力的形式，会造成投篮手发力的卡顿与扭曲。 在最近找我做矫正训练的10位球员中有9位球员都存在与廖三宁类似的问题，而这9位学员全部都是右手投篮，左眼主视的异侧类型。#waveball #投篮教学 #发力矫正,5882
2024-11-10,2024-11-10 10:25:40+0800,https://www.douyin.com/video/7435471177138621748,7435471177138621748,video,共创 5784 投篮精英化/如何解决库里都常出现的投篮问题 这是让库里都频繁失误，反复复盘的投篮脚步，也是大多数人投篮衔接的一个痛点。从左向右的跑动在球场的右侧衔接投篮，这也是让防守比较难受的进攻方式，在库里的日常投篮训练中，常在这个环节出现频繁的失误，在本次库里中国行的训练中，他的投篮同样在此环节出现了卡点。 #投篮教学 #waveball #投篮精英化,5882
2024-11-02,2024-11-02 11:28:27+0800,https://www.douyin.com/video/7432518675426463013,7432518675426463013,video,4426 你可能不适合右手投篮，2小时快速修改投篮惯用手做到流畅跳投！ #投篮教学 #发力矫正 #waveball,5882
2024-10-31,2024-10-31 12:27:21+0800,https://www.douyin.com/video/7431791686927404297,7431791686927404297,video,1846 听说男生用左手扔东西会很娘！ IPT训练师们的弱侧手投篮什么水平？ @安丁GhostBaller @训练师-星 @Skill Trainer 六号体育 陆 #ipt #waveball,6309
2024-10-29,2024-10-29 18:28:57+0800,https://www.douyin.com/video/7431142699882908937,7431142699882908937,video,1946 西班牙联赛球员的投篮技术优化 发力扭曲，投篮卡顿！ 西班牙联赛球员的发力矫正与投篮技术优化 #投篮教学 #发力矫正 #waveball,6309
2024-10-20,2024-10-20 19:13:54+0800,https://www.douyin.com/video/7427814516467060005,7427814516467060005,video,4242 追根溯源！解决投篮手内撇，稳定投篮手型 41岁叶天突遇到投篮难题，TFCC损伤+投篮手内撇习惯。 #投篮教学 #发力矫正 #waveball,6309
2024-10-16,2024-10-16 14:11:47+0800,https://www.douyin.com/video/7426252318347169062,7426252318347169062,video,1320 对话NBA投篮训练师，快速建立流畅的下肢发力！ 探访IPT训练师认证营，投篮中如何建立流畅的下肢发力。#篮球教学 #发力矫正 #waveball #ipt,6736
2024-08-18,2024-08-18 15:08:36+0800,https://www.douyin.com/video/7404372935915408680,7404372935915408680,video,2575 小伙自称已掌握超绝投篮！ 在上完投篮矫正课后，小伙自信心爆棚，称已掌握超绝投篮！他的课后总结能力很棒，把思考带入训练，事半功倍。#waveball #发力矫正 #投篮教学,6736
2024-07-20,2024-07-20 11:23:33+0800,https://www.douyin.com/video/7393553471594630452,7393553471594630452,video,1426 投篮总是偏！可能是你的手眼协调出了问题 立竿见影！ 通过手眼协调解决投篮各种疑难杂症 #投篮教学 #waveball #发力矫正,6736
2024-06-27,2024-06-27 20:45:27+0800,https://www.douyin.com/video/7385163314084515082,7385163314084515082,video,4039 普通人如何像布克与库里一样建立高效的下肢发力模型！ #投篮教学 #发力矫正 #布克 #库里 #waveball,7163
2024-06-07,2024-06-07 03:38:05+0800,https://www.douyin.com/video/7377476860415970601,7377476860415970601,video,3519 现场指出亨德森的投篮问题 现场对话指出NBA探花的父亲，指出亨德森的投篮问题，亨德森父亲点赞认同！#斯库特亨德森 #投篮教学 #waveball,7163
2024-06-05,2024-06-05 12:23:05+0800,https://www.douyin.com/video/7376869979070778658,7376869979070778658,video,2205 从他高二开始关注报道，进入发展联盟与曾凡博成为队友，再到闪耀NBA舞台，篮球让世界变得很小，如今他就站在了我面前！ #亨德森中国行 #斯库特亨德森,7163
2024-05-25,2024-05-25 22:03:33+0800,https://www.douyin.com/video/7372937628032748835,7372937628032748835,video,5043 丁超/优质投篮模型 丁超的投射在本场比赛中独一档，最终也获得2024年CUBAL全明星赛MVP！ #cubal #丁超 #waveball,7590
2024-05-18,2024-05-18 02:17:44+0800,https://www.douyin.com/video/7370034447661534473,7370034447661534473,video,3817 解读雷阿伦如何塑造青少年投篮，含本人实操案例！ #投篮教学 #雷阿伦 #waveball #投篮矫正,7590
2024-05-15,2024-05-15 14:27:28+0800,https://www.douyin.com/video/7369109244836187427,7369109244836187427,video,3999 大师解惑！跟着雷阿伦的指导优化投篮 大师解惑！跟着雷阿伦的指导优化投篮，流畅发力是基础，精准控制是精髓。 #投篮教学 #雷阿伦 #waveball,7590
2024-04-27,2024-04-27 16:48:45+0800,https://www.douyin.com/video/7362466119086656804,7362466119086656804,video,6761 用腿投篮，用眼追踪！库里私人训练师深度解析库里投篮 #投篮教学 #发力矫正 #waveball #库里,8017
2024-04-22,2024-04-22 11:15:17+0800,https://www.douyin.com/video/7360524758594653503,7360524758594653503,video,7216 沉肩坠肘！像像杜兰特/库里一样顺滑起球出手 #投篮教学 #发力矫正 #waveball,8017
2024-04-11,2024-04-11 11:25:14+0800,https://www.douyin.com/video/7356445386128575770,7356445386128575770,video,4411 三分大赛冠军来了！给马来西亚前国青球员的投篮矫正 #投篮教学 #发力矫正 #waveball,8017
2024-03-23,2024-03-23 11:30:21+0800,https://www.douyin.com/video/7349396087804841279,7349396087804841279,video,3661 重置版|揭秘张伟丽与库里相同的发力模式，本人亲测适用普通人！ #库里 #张伟丽 #投篮教学,8444
2024-03-16,2024-03-16 11:29:50+0800,https://www.douyin.com/video/7346798357320420649,7346798357320420649,video,共创 2058 为何用左眼瞄准竟不会投篮了？强化主视眼瞄，让你的投篮命中率飙升 #投篮教学 #发力矫正 #waveball,8444
2024-03-04,2024-03-04 11:30:04+0800,https://www.douyin.com/video/7342345396041092363,7342345396041092363,video,2872 矫正上肢力线，消除身体扭曲！张子昊投篮优化 ④ #发力矫正 #投篮教学 #waveball,8444
2024-02-27,2024-02-27 18:50:34+0800,https://www.douyin.com/video/7340232402591157541,7340232402591157541,video,1725 改善重心前倾，优化跳投技术“酒仙桥德罗赞”张子昊投篮优化 ③ #投篮教学 #发力矫正 #waveball,8871
2024-02-17,2024-02-17 11:00:03+0800,https://www.douyin.com/video/7336400298631613723,7336400298631613723,video,3646 抖腕的真相！库里的投篮发力与传统武术“通背拳” #投篮教学 #库里 #通背拳 #waveball,8871
2024-02-05,2024-02-05 12:10:18+0800,https://www.douyin.com/video/7331965378689584395,7331965378689584395,video,2232 解读正身与侧身投篮“酒仙桥德罗赞”张子昊的投篮优化 ② #投篮训练 #库里 #布克 #waveball,8871
2024-01-29,2024-01-29 14:54:43+0800,https://www.douyin.com/video/7329410152732331304,7329410152732331304,video,共创 5488 快准狠！如何复刻罗布·科隆一样的投篮？ #投篮教学 #罗布科隆,9298
2024-01-27,2024-01-27 13:37:47+0800,https://www.douyin.com/video/7328648156739063091,7328648156739063091,video,6905 “酒仙桥德罗赞”张子昊的投篮改造/ 诊断解惑 #投篮训练 #投篮矫正 #waveball,9298
2024-01-26,2024-01-26 22:05:16+0800,https://www.douyin.com/video/7328407848784792871,7328407848784792871,video,1642 甩狙、前倾、过度旋转！沉浸式训练，一位小球员的发力矫正与投篮优化 #训练日常 #投篮矫正 #投篮教学,9298
2024-01-07,2024-01-07 11:24:46+0800,https://www.douyin.com/video/7321192174232636722,7321192174232636722,video,共创 1500 投篮精英化！如何像库里一样运球投篮 第2期 #投篮矫正 #投篮训练,9725
2024-01-06,2024-01-06 12:18:59+0800,https://www.douyin.com/video/7320835060486245644,7320835060486245644,video,8089 保罗与库里发力解析！两段式习惯如何学会一段式流畅发力 #投篮教学 #库里 #保罗 #发力矫正,9725
2023-12-28,2023-12-28 12:52:05+0800,https://www.douyin.com/video/7317503826691444005,7317503826691444005,video,3199 如何矫正下肢力线！民间顶级射手的投篮发力问题 #投篮教学 #投篮矫正 #waveball,9725
2023-12-12,2023-12-12 21:07:55+0800,https://www.douyin.com/video/7311694235550371084,7311694235550371084,video,1908 青少年投篮发力的通病！模板佩琪布克斯/11岁女孩的投篮改造 #投篮教学 #投篮矫正 #waveball,10152
2023-11-02,2023-11-02 19:43:26+0800,https://www.douyin.com/video/7296829060288711947,7296829060288711947,video,1.1万 帮助普通人打造教科书般投篮，香港篮球教练的投篮矫正！ #投篮矫正 #克莱汤普森 #waveball,10152
2023-09-27,2023-09-27 16:23:46+0800,https://www.douyin.com/video/7283418541091458364,7283418541091458364,video,3397 为改善投篮，从台北远赴重庆！“把特雷杨改成了库里？”给台湾篮球教练的投篮矫正！ #投篮矫正 #库里,10152
2023-09-15,2023-09-15 11:39:23+0800,https://www.douyin.com/video/7278892233867218231,7278892233867218231,video,2840 13岁被美国高中录取，重庆小库里的投篮发力解析！ #投篮教学 #waveball #投篮矫正,10579
2023-09-02,2023-09-02 11:40:37+0800,https://www.douyin.com/video/7274068441382849849,7274068441382849849,video,3.2万 投篮技术优化/螳螂拳、撅腚式颠投快速进化为舒展大跳投! #投篮矫正 #waveball #投篮训练,10579
2023-08-12,2023-08-12 13:56:58+0800,https://www.douyin.com/video/7266310790297259327,7266310790297259327,video,1.6万 高效投篮模板/赵维伦投篮深度解析，一段式/两段式随意切换！ #篮球教学 #投篮矫正 #赵维伦,10579
2023-07-25,2023-07-25 12:08:02+0800,https://www.douyin.com/video/7259603187802426679,7259603187802426679,video,共创 1.2万 投篮精英化/人球合一，如何像库里一样持球投篮！ #投篮优化 #投篮矫正 #库里,11006
2023-07-20,2023-07-20 18:48:02+0800,https://www.douyin.com/note/7257850837832174903,7257850837832174903,note,4332 大家一直催更赵维伦的投篮解析，今天终于逮到他了！#waveball,11006
2023-07-20,2023-07-20 12:32:07+0800,https://www.douyin.com/video/7257753964618304822,7257753964618304822,video,1079 如何利用脚趾投篮！从理论到实操帮助状元快速进化 #投篮教学 #投篮矫正 #waveball,11006
2023-07-04,2023-07-04 10:49:42+0800,https://www.douyin.com/video/7251790210093157689,7251790210093157689,video,5908 手把手投篮矫正，一节课从三分靠蒙到训练命中率90%! #投篮矫正 #投篮训练 #waveball,11433
2023-06-27,2023-06-27 17:54:50+0800,https://www.douyin.com/video/7249302169273240888,7249302169273240888,video,共创 9432 伸髋起球，库里/科比投篮发力的共同节奏，利用伸髋即可轻松远投，附伸髋专项训练。#功能性训练 #投篮教学,11433
2023-06-25,2023-06-25 17:03:10+0800,https://www.douyin.com/video/7248546684114881850,7248546684114881850,video,共创 2025 投篮技术浅析CUBAL总决赛，广东工业大学工VS清华大学 #投篮教学#waveball #投篮矫正,11433
2023-06-18,2023-06-18 22:46:20+0800,https://www.douyin.com/video/7246037522545986876,7246037522545986876,video,6407 一年过得真快，恭喜陈国豪，恭喜广东工业大学首夺CUBAL联赛冠军！ #cubal总决赛 #广东工业大学 #cubal,11860
2023-06-18,2023-06-18 10:49:15+0800,https://www.douyin.com/video/7245852732790197542,7245852732790197542,video,8.0万 高度流畅的一段式！优质投手从小养成，杨皓喆投篮深度解析 #投篮教学 #杨皓喆 #waveball,11860
2023-06-15,2023-06-15 12:52:33+0800,https://www.douyin.com/note/7244771251976277305,7244771251976277305,note,387 7月10-19/8月06-15 暑期篮球综合训练营 篮球专项体能训练将由CBA/中超职业体能教练大鹏老师亲授，本人将负责投篮技术的优化，目前少量名额。#运动表现 #功能性训练,11860
2023-06-15,2023-06-15 12:13:26+0800,https://www.douyin.com/video/7244761169062284602,7244761169062284602,video,共创 7276 是谁还在曲膝前跪，不会曲髋！职业体能训练师教你在篮球专项中如何正确的曲髋降重心？ #weakboom运动训练中心 #waveball #体能训练,12287
2023-06-11,2023-06-11 23:18:29+0800,https://www.douyin.com/video/7243448210298113341,7243448210298113341,video,9.4万 这也太像库里了！CBA两届FMVP赵继伟什么时候升级的投篮包？ #赵继伟 #puma #waveball,12287
2023-06-09,2023-06-09 11:53:00+0800,https://www.douyin.com/video/7242529395204738341,7242529395204738341,video,2395 释放膝关节！投篮发力矫正，如何快速消除手快脚慢，重心前倾。 #投篮矫正 #waveball,12287
2023-06-03,2023-06-03 17:59:17+0800,https://www.douyin.com/video/7240397272691838266,7240397272691838266,video,共创 1.7万 婚礼现场能有啥教学？投篮包的秘笈收集起来！#抖音篮球季 #篮球教学干货,12714
2023-05-19,2023-05-19 12:13:25+0800,https://www.douyin.com/video/7234741865877130555,7234741865877130555,video,共创 6360 专业深度解读|外八发力改内八发力快速提升投篮表现 #投篮教学 #蛋壳健康 #waveball,12714
2023-05-17,2023-05-17 12:03:26+0800,https://www.douyin.com/video/7233997123514060065,7233997123514060065,video,共创 1.9万 库里投篮转腕深度拆解，孟博龙矫正案例分享 #投篮教学 #库里 #waveball,12714
2023-05-16,2023-05-16 10:04:43+0800,https://www.douyin.com/video/7233595443328896314,7233595443328896314,video,共创 3.0万 投篮精英化| 投篮速度从1秒到0.33秒，堪比库里，化繁为简，提高发力效率。#投篮矫正 #投篮训练 #waveball,13141
2023-05-07,2023-05-07 23:59:43+0800,https://www.douyin.com/video/7230470856097467685,7230470856097467685,video,6924 惊出艾弗森的后仰！国内的扣篮水平越来越高，今晚李和旭夺得星街战扣篮大赛冠军！#星街战街球联赛 #李和旭 #艾弗森开启2023中国行,13141
2023-05-07,2023-05-07 10:11:15+0800,https://www.douyin.com/video/7230257362932616503,7230257362932616503,video,9184 最焦灼的三分大赛！孟博龙的下肢发力模型国内顶级，但上肢力线仍需改善，胡匹夫的手型相当稳定，最后美娜的会心一笑，让人心动。#星街战街球联赛 #美娜,13141
2023-05-04,2023-05-04 21:20:38+0800,https://www.douyin.com/video/7229316606793469240,7229316606793469240,video,1.4万 张梓祎投篮的变化，从两段式跳投改一段式投篮，进化空间还很大！ #恶鼠梓祎 #waveball #投篮教学,13568
2023-04-28,2023-04-28 12:28:33+0800,https://www.douyin.com/video/7226952978236771644,7226952978236771644,video,1.0万 NBA训练师教你如何高效投篮！建立高效的发力模型，解决手快脚慢 #投篮教学 #库里 #waveball,13568
2023-04-23,2023-04-23 14:59:19+0800,https://www.douyin.com/video/7225136404202868005,7225136404202868005,video,1.5万 投篮矫正 | 如何从低效的两段式颠投快速进化为流畅跳投！ #投篮矫正 #投篮教学 #waveball,13568
2023-04-15,2023-04-15 11:41:38+0800,https://www.douyin.com/video/7222116779672309004,7222116779672309004,video,3.1万 曲髋内旋！深度解读顶级射手的高效下肢发力模型 #投篮教学 #乔丹 #库里 #waveball,13995
2023-04-10,2023-04-10 12:28:06+0800,https://www.douyin.com/video/7220273329960242470,7220273329960242470,video,627 助阵重庆质检员的首次山城百分大战，希望帮助更多的年轻球员在赛场绽放自我 #山城百分大战 #waveball,13995
2023-04-04,2023-04-04 11:52:27+0800,https://www.douyin.com/video/7218037631957929220,7218037631957929220,video,2.3万 相对高效的下肢发力模型，上肢发力存在明显短板！黄宇军投篮技术深度解析 #黄宇军 #waveball,13995
2023-03-26,2023-03-26 14:04:45+0800,https://www.douyin.com/video/7214731957081525516,7214731957081525516,video,2.1万 利拉德首次回应“投篮用手掌压腕“，打破常规的上肢传导，让你的投篮变得轻松流畅！ #利拉德 #投篮教学,14422
2023-03-21,2023-03-21 17:47:39+0800,https://www.douyin.com/video/7212933970915265831,7212933970915265831,video,2.0万 拿球说话！40岁街球元老叶天硬刚身高210CM全国高中生MVP #淡厚然 #叶天 #waveball,14422
2023-03-18,2023-03-18 20:35:14+0800,https://www.douyin.com/video/7211863901099674937,7211863901099674937,video,2916 街球派励志球手VS学院派训练师，篮球馆长单挑切磋！ #waveball #安丁球局 #黄宇军,14422
2023-03-17,2023-03-17 11:56:18+0800,https://www.douyin.com/video/7211359091095129399,7211359091095129399,video,1.1万 用你最擅长的方式击败你，黄宇军遭遇“重庆质检员”挑战！ #篮球单挑 #waveball #安丁球局,14849
2023-03-14,2023-03-14 13:05:55+0800,https://www.douyin.com/video/7210263774543007013,7210263774543007013,video,3348 黄宇军深夜突袭重庆安丁球局，“野球场库里”既视感。#安丁球局 #waveball,14849
2023-03-13,2023-03-13 20:21:38+0800,https://www.douyin.com/video/7210004973231377722,7210004973231377722,video,共创 4287 【投篮技术专访】一段式是两段式投篮的基础，埃文·戈登谈中美投篮教学的差异！ #投篮教学 #投篮训练,14849
2023-03-03,2023-03-03 17:53:46+0800,https://www.douyin.com/video/7206256014004374840,7206256014004374840,video,9104 投篮问题严重限制了CBA准状元的发展上限！邹阳投篮问题深度解析与解决方案 #投篮教学 #邹阳,15276
2023-02-16,2023-02-16 16:45:08+0800,https://www.douyin.com/video/7200672049872833851,7200672049872833851,video,507 有幸向@于洋说拳 学习与交流传统武术中的发力模式，这与我们之前探讨、研究的在篮球运动中利用弹性发力的内容高度相似！#投篮教学 #筋膜训练,15276
2023-02-14,2023-02-14 17:44:39+0800,https://www.douyin.com/video/7199945217477299515,7199945217477299515,video,置顶 2.0万 如何练就扎实专业的投篮基本功？解读王非“教科书式”投篮教学！ #投篮教学 #中国篮球 #蔡崇信篮球奖学金,330
2023-02-12,2023-02-12 16:55:33+0800,https://www.douyin.com/video/7199190394737839364,7199190394737839364,video,7070 干货纯享！国家队技术指导王非对小球员的投篮矫正/上肢力线篇 #蔡崇信篮球奖学金 #投篮教学 #中国篮球,15276
2023-02-11,2023-02-11 20:40:17+0800,https://www.douyin.com/video/7198877222227283239,7198877222227283239,video,2908 受邀探访蔡崇信篮球奖学金训练营，全国各地最优秀的年轻球员汇集于此，拼搏、逐梦！ #蔡崇信篮球奖学金,15703
2023-01-31,2023-01-31 12:35:45+0800,https://www.douyin.com/video/7194670421717847355,7194670421717847355,video,9936 为何都说他才是今年CBA准状元！总决赛邹阳与陈国豪赛场表现完整解读！ #邹阳 #陈国豪 #cba选秀,15703
2023-01-21,2023-01-21 14:56:03+0800,https://www.douyin.com/video/7190995728481717559,7190995728481717559,video,6998 足弓支撑，脚趾发力！再议顶级射手脚下的发力 #投篮教学 #库里 #汤普森 #雷阿伦,15703
2023-01-15,2023-01-15 13:32:43+0800,https://www.douyin.com/video/7188747741340765501,7188747741340765501,video,9648 库里竟偷学麦迪投篮？干货满满，深度解析麦迪投篮为何如此之美！ #麦迪 #库里 #投篮 #投篮教学,16130
2023-01-12,2023-01-12 16:50:39+0800,https://www.douyin.com/video/7187685493843299596,7187685493843299596,video,1.1万 打球下肢太慢？下肢缺乏弹性与爆发力，走进“NBA弹簧人”莫兰特的弹振训练！ #莫兰特 #筋膜训练,16130
2023-01-09,2023-01-09 15:12:42+0800,https://www.douyin.com/video/7186546993223781643,7186546993223781643,video,4730 教科书般的直线发力！“NBA得分王”东契奇投篮深度解析 #东契奇 #投篮教学 #waveball #顾全,16130
2022-12-29,2022-12-29 12:59:06+0800,https://www.douyin.com/video/7182430630523718968,7182430630523718968,video,3.4万 你的投篮为何费力？物理学解读常见的6种投篮力学模型 #投篮教学 #库里 #下坠跳投,16557
2022-12-22,2022-12-22 12:50:39+0800,https://www.douyin.com/video/7179830855190187324,7179830855190187324,video,9950 中美顶级高中生对决！ 场边观众高喊：姚明，加油！ #庞清方 #安东尼 #基扬 #waveball,16557
2022-12-15,2022-12-15 13:03:01+0800,https://www.douyin.com/video/7177236446166682913,7177236446166682913,video,1.9万 做到这2点，1段式也能贴脸强投！追梦格林还是库里？深度解析程鑫凯投篮 #投篮教学 #库里 #程鑫凯,16557
2022-11-26,2022-11-26 12:58:59+0800,https://www.douyin.com/video/7170184787536203011,7170184787536203011,video,9972 #程鑫凯/ #吴泽建案例，深度解析投篮中的手腕发力！ #投篮教学 #waveball,16985
2022-11-17,2022-11-17 19:36:28+0800,https://www.douyin.com/video/7166947451574717699,7166947451574717699,video,9195 为何库里投篮也会“手快脚慢”发力脱节？库里脚下发力深度解析！ #库里 #投篮教学 #waveball,16985
2022-11-13,2022-11-13 20:01:54+0800,https://www.douyin.com/video/7165469667476147469,7165469667476147469,video,6356 张伟丽：筋膜训练改变了我的发力方式，张伟丽3年3次夺得UFC世界冠军！ #张伟丽 #筋膜训练,16985
2022-11-07,2022-11-07 18:59:59+0800,https://www.douyin.com/video/7163227201372949797,7163227201372949797,video,7491 被忽视的筋膜，从李小龙与库里的发力全面认识筋膜！ #投篮教学 #库里 #李小龙 #筋膜训练,17412
2022-10-31,2022-10-31 20:31:06+0800,https://www.douyin.com/video/7160653082777505037,7160653082777505037,video,6.4万 回应某博主质疑！Coach Fui“压弹” 用筋膜弹性投篮！ #筋膜训练 #waveball #投篮教学,17412
2022-10-24,2022-10-24 15:48:59+0800,https://www.douyin.com/video/7157982786610089224,7157982786610089224,video,1.8万 恶鼠打百分单挑为何如此轻松？张梓祎脚下的秘密！ #筋膜训练 #张梓祎 #waveball,17412
2022-10-23,2022-10-23 19:50:56+0800,https://www.douyin.com/video/7157674052033826062,7157674052033826062,video,5.1万 根治投篮中的“脚慢”，90%的普通人不会正确使用前脚掌发力！ #库里 #雷阿伦 #筋膜训练,17839
2022-10-18,2022-10-18 19:50:33+0800,https://www.douyin.com/video/7155818524966014245,7155818524966014245,video,5331 玄学？骗局？网友质疑嘲讽“筋膜训练”，张伟丽评价“筋膜训练”及训练感受！#张伟丽 #筋膜训练 #投篮教学,17839
2022-10-17,2022-10-17 12:18:52+0800,https://www.douyin.com/video/7155331043304705317,7155331043304705317,video,4.7万 快速提高运动表现的筋膜训练，一节课后张伟丽出拳力量提高了30%！ #张伟丽 #投篮教学 #库里 #筋膜训练,17839
2022-10-15,2022-10-15 12:22:21+0800,https://www.douyin.com/video/7154589770167897380,7154589770167897380,video,5.5万 干货纯享！用张伟丽的筋膜训练，做到和库里一样的下肢快速爆发与核心稳定！ #库里 #张伟丽 #筋膜训练,18266
2022-10-11,2022-10-11 12:05:23+0800,https://www.douyin.com/video/7153101059588754699,7153101059588754699,video,6588 为何威少投篮持续下滑？深度解析威少投篮问题及威少最新投篮修改，值得借鉴 #威斯布鲁克 #waveball,18266
2022-10-02,2022-10-02 11:15:31+0800,https://www.douyin.com/video/7149748439088221454,7149748439088221454,video,2.0万 揭秘张镇麟最新投篮修改内容，知名训练师德鲁·汉伦的私教课！ #张镇麟 #投篮教学 #waveball,18266
2022-09-29,2022-09-29 17:35:54+0800,https://www.douyin.com/video/7148733210447400199,7148733210447400199,video,6810 手肘外翻，辅助手发力！为何雷阿伦还被称作传统跳投的教科书？如何像雷阿伦一样跳投！ #雷阿伦 #跳投 深度解析,18693
2022-09-24,2022-09-24 20:51:01+0800,https://www.douyin.com/video/7146928066596572429,7146928066596572429,video,1.1万 纳什的投篮为何如此神准？更适合普通人的标准模板，纳什投篮深度解析 #纳什 #投篮教学 #waveball,18693
2022-09-14,2022-09-14 20:59:43+0800,https://www.douyin.com/video/7143219455380262158,7143219455380262158,video,1.6万 惊人的相似！NBA历史三分王都在用投篮辅助手拇指拨球 |完结篇 #库里 #投篮教学 #waveball,18693
2022-09-07,2022-09-07 11:54:09+0800,https://www.douyin.com/video/7140481267300142347,7140481267300142347,video,8.8万 投篮曲髋还在弯腰、撅屁股？纳什亲授库里、杜兰特投篮曲髋发力黄金训练动作！ #库里 #投篮教学,19120
2022-08-30,2022-08-30 18:09:12+0800,https://www.douyin.com/video/7137609234778262795,7137609234778262795,video,6.4万 90%的人投篮还不会屈髋，纳什亲授保姆级教程，从根源解决投篮前倾 #库里 #布克 #waveball,19120
2022-08-05,2022-08-05 17:20:31+0800,https://www.douyin.com/video/7128319562021424423,7128319562021424423,video,8562 现场“打假”CBA新科状元，场边视角记录王岚嵚总决赛表现！ #waveball #cuba总决赛,19120
2022-08-01,2022-08-01 20:44:47+0800,https://www.douyin.com/video/7126887860044647684,7126887860044647684,video,3.0万 充满争议？ CUBA总决赛陈国豪五犯离场，独家视角全程回顾 #cuba总决赛 #陈国豪 #waveball,19547
2022-07-31,2022-07-31 23:07:11+0800,https://www.douyin.com/video/7126553470445931807,7126553470445931807,video,1.5万 邹阳25分、10篮板，总决赛MVP实至名归！今晚全场都是他的球迷，重庆出生，成长为广东第一高中生，代表清华大学击败广东工业大学。#cuba总决赛,19547
2022-07-31,2022-07-31 22:43:52+0800,https://www.douyin.com/video/7126547460327017741,7126547460327017741,video,9.8万 冠军就在眼前，第四节开端争议判罚，五犯离场，眼看球队痛失好局，青春总有遗憾！#陈国豪 #cuba总决赛 #waveball,19547
2022-07-31,2022-07-31 22:22:56+0800,https://www.douyin.com/video/7126542068805078285,7126542068805078285,video,2856 恭喜清华大学战胜广东工业大学，实现三连冠🏆 #cuba总决赛 #清华大学 #waveball,19974
2022-07-31,2022-07-31 13:47:02+0800,https://www.douyin.com/video/7126409120005082405,7126409120005082405,video,1.3万 中国高校顶级对决即将来临！广东工业大学vs清华大学，你支持谁？#cuba总决赛 #waveball,19974
2022-07-31,2022-07-31 12:08:36+0800,https://www.douyin.com/video/7126383753215118629,7126383753215118629,video,4000 霍福德同款？如何评价朱思禹这独特的投篮手型，他是本届CUBA北区的MVP #cuba总决赛 #waveball,19974
2022-07-30,2022-07-30 12:46:20+0800,https://www.douyin.com/video/7126022392979197215,7126022392979197215,video,2.1万 国内高校顶级天赋，从180的后卫到210的内线，清华大学的赛前热身！#cuba总决赛 #waveball,20401
2022-07-25,2022-07-25 17:50:20+0800,https://www.douyin.com/video/7124245307340213534,7124245307340213534,video,3.3万 单挑对决！“CBA新科状元”王岚嵚”VS“街球单挑王”赵强 #王岚嵚 #CBA选秀 #waveball,20401
2022-07-10,2022-07-10 16:26:25+0800,https://www.douyin.com/video/7118657404723596575,7118657404723596575,video,5519 纳什、库里对比 ！投篮站姿对投篮稳定性的影响 #投篮教学 #库里 #waveball,20401
2022-06-19,2022-06-19 18:13:09+0800,https://www.douyin.com/video/7110892122483526949,7110892122483526949,video,4.5万 美如画！如何像曹芳一样跳投，曹芳跳投深度解析 #曹芳 #投篮教学 #waveball,20828
2022-06-12,2022-06-12 11:27:57+0800,https://www.douyin.com/video/7108190104266509604,7108190104266509604,video,1.9万 投篮不稳定，姿态怪异？塔图姆投篮深度解析 #投篮教学 #塔图姆 #waveball,20828
2022-05-29,2022-05-29 16:46:16+0800,https://www.douyin.com/video/7103076944610135309,7103076944610135309,video,23.3万 深圳偶遇“香港教授”，华丽的球风，一手漂亮的投篮，爱了！#ubk球王赛 #投篮,20828
2022-05-11,2022-05-11 19:19:37+0800,https://www.douyin.com/video/7096436927712283941,7096436927712283941,video,1.8万 速度变慢，肌肉萎缩！解读汤普森大伤后投篮的变化 #汤普森 #投篮教学 #waveball,21255
2022-04-29,2022-04-29 19:11:36+0800,https://www.douyin.com/video/7091981840961129732,7091981840961129732,video,3.6万 复制库里？乔丹·普尔投篮技术深度解析！ #投篮教学 #乔丹普尔 #库里 #waveball,21255
2022-04-18,2022-04-18 11:24:32+0800,https://www.douyin.com/video/7087779541116112131,7087779541116112131,video,9266 传球与篮球智商—“模板林书豪”华裔美式后卫沃尔特·林技术解析 #林书豪 #waveball,21255
2022-04-10,2022-04-10 11:27:40+0800,https://www.douyin.com/video/7084811665971105028,7084811665971105028,video,2.4万 “模板林书豪”华裔美式后卫沃尔特·林技术解析—投篮篇 #投篮教学 #林书豪 #waveball,21682
2022-04-07,2022-04-07 11:59:17+0800,https://www.douyin.com/video/7083706559829757196,7083706559829757196,video,8.2万 普通人也能像库里一样轻松投篮！再次解读投篮转腕发力 #投篮教学 #库里 #waveball,21682
2022-03-27,2022-03-27 12:19:44+0800,https://www.douyin.com/video/7079629891666332941,7079629891666332941,video,9100 干货纯享！适合普通人的投篮模型，前CBA后卫程华山的投篮解析！ #投篮教学 #waveball,21682
2022-03-20,2022-03-20 11:29:36+0800,https://www.douyin.com/video/7077019377517759748,7077019377517759748,video,5.0万 揭露颠投的真相！你的投篮是颠投还是跳投？ #投篮教学 #跳投 #waveball,22109
2022-03-08,2022-03-08 17:12:46+0800,https://www.douyin.com/video/7072654785807240478,7072654785807240478,video,6739 适合普通人的高效投篮模板—“女版库里”凯特琳·克拉克 #投篮教学 #库里 #waveball,22109
2022-03-05,2022-03-05 13:27:46+0800,https://www.douyin.com/video/7071483550029122830,7071483550029122830,video,1.0万 1小时打造流畅跳投！困扰小兄弟多年的卡点终于解开。#投篮教学 #汤普森 #库里 #waveball,22109
2022-02-27,2022-02-27 16:04:05+0800,https://www.douyin.com/video/7069297321426554142,7069297321426554142,video,1.5万 投篮费力？投篮太慢？投篮模型对比—#东契奇VS #汤普森 #投篮教学 #waveball,22536
2022-02-20,2022-02-20 11:27:49+0800,https://www.douyin.com/video/7066628530460806411,7066628530460806411,video,5.3万 揭秘库里投篮的转腕发力，让投篮变得轻松写意！ #投篮教学 #库里 #waveball,22536
2022-02-10,2022-02-10 20:07:41+0800,https://www.douyin.com/video/7063051650348485920,7063051650348485920,video,1.3万 库里也会“手快脚慢”？揭露投篮手快脚慢的真相 #库里 #投篮教学 #waveball,22536
2022-01-29,2022-01-29 18:25:55+0800,https://www.douyin.com/video/7058572402443160862,7058572402443160862,video,7.8万 神级预判？库里近期投篮失准的原因揭晓 #库里 #投篮教学 #waveball,22963
2021-12-27,2021-12-27 15:31:19+0800,https://www.douyin.com/video/7046281596852374816,7046281596852374816,video,3.4万 “吸球”与“拉腕”，库里投篮上肢发力细节深度解析！ #库里 #篮球教学 #waveball,22963
2021-12-16,2021-12-16 11:39:56+0800,https://www.douyin.com/video/7042140032928369951,7042140032928369951,video,2.4万 投篮脱节无力？如何像库里一样利用弹性投篮 #投篮教学 #waveball #库里,22963
2021-12-05,2021-12-05 20:36:17+0800,https://www.douyin.com/video/7038196310775844133,7038196310775844133,video,12.1万 从传统投篮到现代投篮的改变！保罗·乔治投篮深度解析 #投篮教学 #保罗乔治 #waveball,23390
2021-11-28,2021-11-28 11:37:41+0800,https://www.douyin.com/video/7035459918949780767,7035459918949780767,video,9.9万 库里投篮的核心技术——甩鞭发力，学会它，普通人也能站投三分！ #库里 #投篮教学 #waveball,23390
2021-11-23,2021-11-23 18:05:26+0800,https://www.douyin.com/video/7033704416129649959,7033704416129649959,video,2.2万 学会放松！拥有库里一样丝滑般的投篮 #投篮教学 #库里 #waveball,23390
2021-11-17,2021-11-17 11:46:55+0800,https://www.douyin.com/video/7031380362534096160,7031380362534096160,video,2.9万 投篮无力？压腕脱手？ #特雷杨 最值得普通人学习的投篮模板 #篮球教学 #waveball,23817
2021-11-11,2021-11-11 11:47:37+0800,https://www.douyin.com/video/7029154030890863885,7029154030890863885,video,6.8万 如何像安东尼一样优雅地投篮！安东尼投篮深度解析 #投篮教学 #waveball,23817
2021-11-05,2021-11-05 11:49:12+0800,https://www.douyin.com/video/7026927926356512011,7026927926356512011,video,1.5万 为何库里使用窄距投投篮？为何汤普森使用宽距投篮？投篮站距解析 #投篮教学 #waveball,23817
2021-10-30,2021-10-30 11:49:49+0800,https://www.douyin.com/video/7024701574664441124,7024701574664441124,video,2.7万 杰伦·格林的投篮到底存在什么问题？全面解析 #杰伦格林 的投篮技术 #投篮教学 #篮球干货,24244
2021-10-22,2021-10-22 11:48:56+0800,https://www.douyin.com/video/7021732668169555239,7021732668169555239,video,6.2万 如何像欧文一样跳投？ 欧文投篮的7大细节 #欧文 #篮球干货 #投篮教学,24244
2021-10-13,2021-10-13 11:49:42+0800,https://www.douyin.com/video/7018393096928922893,7018393096928922893,video,7.9万 深度解析|汤普森教科书式投篮！两大发力特点、五个投篮细节 #篮球干货 #投篮教学 #汤普森,24244
2021-10-02,2021-10-02 11:49:32+0800,https://www.douyin.com/video/7014311118449528071,7014311118449528071,video,5.2万 顶级射手的高阶技术—投篮辅助手拇指拨球的真相 #库里 #辅助手 #投篮教学,24671
2021-09-29,2021-09-29 19:14:07+0800,https://www.douyin.com/video/7013312431833238797,7013312431833238797,video,3.5万 辅助手在投篮中该发挥什么作用？怎样正确的使用投篮辅助手？全面解析投篮辅助手 #辅助手 #投篮教学,24671
2021-09-24,2021-09-24 17:50:07+0800,https://www.douyin.com/video/7011435359858953504,7011435359858953504,video,5.3万 技术解析|“触地即弹”NBA顶级射手踮脚投篮的秘密 #投篮教学 #篮球干货 #库里 #汤普森,24671
2021-09-18,2021-09-18 11:49:13+0800,https://www.douyin.com/video/7009115844902964519,7009115844902964519,video,2.6万 解析库里投篮的发力机制，揭秘“抖腕”真相！ #库里 #篮球干货 #投篮教学,25098
2021-09-17,2021-09-17 18:35:42+0800,https://www.douyin.com/video/7008849509849632013,7008849509849632013,video,3.0万 “湖师大彭于晏”、“CUBA现役第一射手”——蒋帅投篮60帧慢动作，三分1段式，两分1.5段式 #投篮姿势,25098
2021-09-11,2021-09-11 11:54:44+0800,https://www.douyin.com/video/7006519669330955557,7006519669330955557,video,33.9万 技术解析—投篮该如何压腕？手指压腕VS手掌压腕 #篮球干货 #投篮教学 #库里 #乔丹,25098
2021-09-06,2021-09-06 11:53:31+0800,https://www.douyin.com/video/7004663931947994400,7004663931947994400,video,7.9万 如何像哈登一样轻松投篮！技术解析 | 哈登投篮的4个深层细节 #詹姆斯哈登 #投篮教学 #篮球干货,25525
2021-08-30,2021-08-30 17:50:46+0800,https://www.douyin.com/video/7002158395511934212,7002158395511934212,video,10.5万 如何像利拉德一样远投？利拉德投篮的3大细节！ #利拉德 #篮球干货 #投篮教学,25525
2021-08-22,2021-08-22 18:08:03+0800,https://www.douyin.com/video/6999194171127074056,6999194171127074056,video,4.5万 齐聚5位全美第1高中生！杰伦·格林与他的“独角兽家族” #UNICON #UniconFam #杰伦格林,25525
2021-08-18,2021-08-18 11:55:23+0800,https://www.douyin.com/video/6997613791248747806,6997613791248747806,video,3.2万 你知道你的主视眼是哪一只吗？在投篮时用主视眼瞄准真的重要吗？ #投篮教学 #篮球干货 #库里,25952
2021-08-12,2021-08-12 21:33:25+0800,https://www.douyin.com/video/6995536241978526984,6995536241978526984,video,8.6万 技术解析｜德文·布克投篮的6个深层细节 #篮球干货 #德文布克 #投篮教学,25952
2021-08-07,2021-08-07 18:03:03+0800,https://www.douyin.com/video/6993626601162345764,6993626601162345764,video,10.8万 技术解析｜克里斯.保罗投篮的3个秘密！ #克里斯保罗 #篮球干货 #投篮教学,25952
2021-08-04,2021-08-04 17:57:51+0800,https://www.douyin.com/video/6992512006905482503,6992512006905482503,video,1.2万 历史最强高中阵容，没有之一！本届7名新秀都来自蒙特沃德高中 #康宁汉姆 #2021nba选秀,26379
2021-07-06,2021-07-06 15:11:01+0800,https://www.douyin.com/video/6981707544909597960,6981707544909597960,video,5.7万 目前世界最强潜力新星！身高221CM，臂展244CM，却像杜兰特一样打球。 #维克多温班亚马 #球员报告,26379
2021-06-30,2021-06-30 18:39:46+0800,https://www.douyin.com/video/6979534826395274509,6979534826395274509,video,1.5万 2021年NBA选秀前瞻——“美版陈奕迅”斯科蒂·巴恩斯 #2021nba选秀 #斯科蒂巴恩斯,26379
2021-06-29,2021-06-29 15:23:43+0800,https://www.douyin.com/video/6979113220862725412,6979113220862725412,video,5.1万 全美第一难成状元！全面解析杰伦·格林 #杰伦格林 #2021nba选秀,26806
2021-05-09,2021-05-09 17:35:59+0800,https://www.douyin.com/video/6960221963126197512,6960221963126197512,video,1.1万 我不想我的梦想被现实打败，这是他在路人王打拼的第四个年头，他依旧是那个满腔热血的追梦少年—韦鸽子 #篮球风云,26806
2021-04-30,2021-04-30 12:52:37+0800,https://www.douyin.com/video/6956809170867866916,6956809170867866916,video,1.6万 2019年夏天，杰伦·格林、乔什·克里斯托弗、#特伦斯克拉克,26806
2021-04-08,2021-04-08 20:14:13+0800,https://www.douyin.com/video/6948759098275925279,6948759098275925279,video,10.4万 你的投篮发力脱节？用杜兰特的这个训练方法打造丝滑般的投篮！#杜兰特 #投篮教学 #篮球干货 #难渡,27233
2021-03-15,2021-03-15 13:09:32+0800,https://www.douyin.com/video/6939743616252251428,6939743616252251428,video,5471 #cuba全明星 “热血对决”！2021年CUBA全明星正赛全场回顾|场边视角,27233
2021-03-14,2021-03-14 18:38:25+0800,https://www.douyin.com/video/6939457280974867726,6939457280974867726,video,3208 #cuba全明星 不输今年NBA扣篮大赛！来自郑州大学的杨浩在CUBA全明星扣篮大赛轻松夺冠！,27233
2021-03-14,2021-03-14 16:14:24+0800,https://www.douyin.com/video/6939420170171485471,6939420170171485471,video,31.4万 #cuba全明星 网红球员黄宇军单挑cuba全明星后卫张子涵 #热血高校,27661
2021-03-14,2021-03-14 13:45:47+0800,https://www.douyin.com/video/6939381870614433031,6939381870614433031,video,1810 #cuba全明星 昨晚扣篮大赛，来自吉林大学的实力扣将——唐浩博,27661
2021-03-14,2021-03-14 13:10:48+0800,https://www.douyin.com/video/6939372855595404580,6939372855595404580,video,2.1万 #cuba全明星 昨晚来自清华大学的重庆崽儿邹阳（身高198/臂展213）打出血性，隔扣陈国豪！#热血高校,27661
2020-10-17,2020-10-17 12:31:13+0800,https://www.douyin.com/video/6884442051119729927,6884442051119729927,video,1.9万 #篮球干货 #库里 #克莱汤普森 #哈登 #利拉德 如何改善投篮手手肘外翻？,28088
2020-10-14,2020-10-14 11:55:32+0800,https://www.douyin.com/video/6883319596607081736,6883319596607081736,video,4.8万 #篮球干货 #投篮库 #汤普森 #库里 #西蒙斯 投篮手手肘外翻对投篮有什么影响？,28088
2020-10-10,2020-10-10 21:44:23+0800,https://www.douyin.com/video/6881987001738906887,6881987001738906887,video,5.1万 #营养干货 投篮训练——四种方法避免投篮辅助手拇指发力！,28088
2020-08-15,2020-08-15 12:28:37+0800,https://www.douyin.com/video/6861063012929834253,6861063012929834253,video,3.6万 #热血高校 2018年1月诺阿·法拉肯上升到2020届全美控卫排名第一位！,28515
2020-07-24,2020-07-24 16:25:54+0800,https://www.douyin.com/video/6852960285565734151,6852960285565734151,video,6.5万 #营养干货 #重启新赛季教科书式投篮—汤普森投篮细节解析,28515
2020-06-18,2020-06-18 18:42:07+0800,https://www.douyin.com/video/6839636321519078670,6839636321519078670,video,4930 #路人王篮球 @7号唐日辉呀 用强势的“弱侧”突破和火热的三分，重庆站夺冠！,28515
2020-06-05,2020-06-05 18:51:47+0800,https://www.douyin.com/video/6834814705744350468,6834814705744350468,video,2.1万 #营养干货 有的人坚信怎么舒服怎么投，有的人却默默在修正自己的投篮！,28942
2020-05-14,2020-05-14 12:26:54+0800,https://www.douyin.com/video/6826551649125829899,6826551649125829899,video,3.6万 #营养干货 3个细节提高你的投篮稳定性🎒,28942
2020-04-01,2020-04-01 18:56:35+0800,https://www.douyin.com/video/6810695408914795790,6810695408914795790,video,2.2万 #热血高校 中国男篮新希望，高中二年级的曾凡博引众NCAA名校哄抢！,28942
2020-02-19,2020-02-19 11:38:09+0800,https://www.douyin.com/video/6794996847220935944,6794996847220935944,video,3.6万 #阿隆戈登 你还记得儿时的梦想吗？,29369
2020-02-02,2020-02-02 16:32:13+0800,https://www.douyin.com/video/6788764177486859534,6788764177486859534,video,34.8万 蒙特沃德高中赛季25连胜，球队拥有五星球员五名，四星球员四名及中国高中球员吴勇豪,29369
2020-01-28,2020-01-28 13:11:52+0800,https://www.douyin.com/video/6786857122438073614,6786857122438073614,video,121.6万 #科比 #gigi 科比带着他的“小情人”私奔了，开启了他们新的篮球之旅，大家放心吧！🌞,29369
2020-01-27,2020-01-27 19:58:53+0800,https://www.douyin.com/video/6786590925469666573,6786590925469666573,video,113.2万 #科比 #Gigi 快回来吧，瓦妮莎和Koko还在等你们！,29796
